"","ID","Description","GeneRatio","BgRatio","RichFactor","FoldEnrichment","zScore","pvalue","p.adjust","qvalue","geneID","Count"
"GO:0003735","GO:0003735","structural constituent of ribosome","82/1306","178/28409",0.460674157303371,10.0208974998709,26.5020734865418,3.52162439988825e-61,2.83490764191004e-58,1.98693755614748e-58,"Rpl18/Rps15a/Fau/Rpl3/Rpl19/Rplp0/Rps19/Rps11/Rpl4/Rps21/Mrps16/Rps6/Mrpl52/Rpl31/Rps7/Rpl37a/Mrpl33/Rpl37/Mrpl27/Mrpl22/Rps3/Mrpl4/Rpsa/Rpl10/Mrps34/Rps4x/Dap3/Mrps25/Rps9/Mrpl57/Mrpl36/Rps10/Rpl5/Rplp2/Rps13/Rps28/Mrpl12/Mrpl15/Mrps15/Mrpl45/Rpl7/Mrpl55/Mrpl43/Mrps2/Mrpl41/Mrps23/Mrps35/Rpl17/Rps14/Mrpl24/Mrpl3/Mrps17/Mrpl20/Mrps21/Rps15/Rpl7l1/Mrpl37/Mrpl11/Rps20/Mrpl18/Rpl9/Rpl38/Mrps18b/Rpl10a/Mrpl49/Rpl28/Rps12/Mrpl14/Mrps24/Rpl27a/Mrpl13/Rpl7a/Mrpl19/Rpl12/Mrpl47/Mrpl28/Mrps6/Rpl14/Mrps11/Rps8/Rpl34/Rps29",82
"GO:0140098","GO:0140098","catalytic activity, acting on RNA","93/1306","377/28409",0.246684350132626,5.36604571433214,18.7333370525117,1.0051457343888e-41,4.04571158091493e-39,2.83556901911788e-39,"Eif4a3/Polr2a/Ddx49/Drosha/Jmjd6/Farsa/Gatb/Polr3h/Upf1/Polr2j/Ddx56/Polr3b/Dhx33/Fars2/Mtrex/Trmt61a/Qrsl1/Mettl16/Mars1/Dimt1/Snrnp200/Mars2/Pnpt1/Dbr1/Ddx24/Rtcb/Polr3a/Aars2/Trmu/Etf1/Polr1b/Tfb1m/Polr2h/Iars2/Trnt1/Polr1d/Ddx55/Mepce/Ddx41/Slu7/Prim1/Rpp38/Rnaset2a/Ftsj3/Supv3l1/Lars2/Ddx54/Ddx5/Polr1a/Crcp/Pop1/Vars2/Dhx29/Sepsecs/Aqr/Prorp/Pop5/Sars2/Mrpl44/Ddx42/Dhx30/Pop4/Dicer1/Mettl14/Polr3k/Ddx10/Rpp14/Polr2c/Xrn2/Polrmt/Ddx46/Gatc/Pop7/Dhx36/Pars2/Ints11/Tut1/Elac2/Ddx47/Dars2/Ddx27/Ddx59/Polr2i/Ago2/Cmtr1/Nars2/Exosc10/Fen1/Mettl1/Bud23/Dhx38/Rars2/Wars2",93
"GO:0016887","GO:0016887","ATP hydrolysis activity","80/1306","396/28409",0.202020202020202,4.39448079570591,14.9322197945117,1.5492158218392e-29,4.15706245526851e-27,2.91361291405547e-27,"Eif4a3/Cct4/Ddx49/Hspa5/Cct8/Dna2/Cct3/Dync1h1/Psmc5/Rad51/Upf1/Ruvbl2/Atp2a2/Rfc3/Tcp1/Ddx56/Smc3/Dhx33/Smc6/Hspa9/Ino80/Mtrex/Psmc4/Smc4/Snrnp200/Ddx24/Cct5/Mcm5/Rfc4/Smarca5/Rfc5/Twnk/Ddx55/Atad3a/Ddx41/Smc2/Atp6v1g1/Nsf/Dync2h1/Mcm3/Supv3l1/Ruvbl1/Gpn1/Rfc2/Ercc3/Psmc2/Orc1/Ddx54/Ddx5/Psmc1/Srp54a/Dhx29/Smarca4/Aqr/Abce1/Ddx42/Dhx30/Kif3b/Ddx10/Atp2b1/Mcm4/Kif18b/Rad51d/Rad17/Smc5/Kif20a/Nubp1/Psmc6/Ddx46/Mcm2/Dhx36/Psmc3/Srcap/Chd8/Ddx47/Ddx27/Ddx59/Lonp1/Abcf1/Kif23",80
"GO:0043021","GO:0043021","ribonucleoprotein complex binding","56/1306","205/28409",0.273170731707317,5.94219549546185,15.5892324785213,5.43755017820083e-28,1.09430697336292e-25,7.66980761977802e-26,"Eif4a3/Rps21/Snrpd1/Hspa5/Snrpb/Pelo/Dhx33/Sbds/Prpf6/Srp19/Eef2/Rpsa/Hnrnpk/Gemin5/Csnk2b/Prmt5/Naa15/Mrps27/Rack1/Gtpbp4/Rplp2/Mettl17/Hnrnpu/Eif3c/Snrpd3/Efl1/Letm1/Eral1/Bop1/Ddx5/Cd2bp2/Prmt1/Srp54a/Snrpg/Dhx29/Xpo5/Abce1/Snrnp70/Mtor/Srp72/Wdr12/Snrpe/Rbm39/Eif5a/Pes1/Unk/Rpn2/Timm50/Ptcd3/C1qbp/Tma16/Srp68/Sec61a1/Ago2/Abcf1/Nmd3",56
"GO:0003729","GO:0003729","mRNA binding","78/1306","409/28409",0.190709046454768,4.14843284895367,14.0786271935596,4.30332481111533e-27,6.92835294589568e-25,4.85596231317435e-25,"Eif4a3/Eef1a1/Srsf1/Ncbp2/Rps6/Rbm8a/Exosc8/Rps7/Cpsf1/Dhx33/Ncbp1/Srsf7/Rps3/Hnrnpk/Snrnp35/Gemin5/Pkm/Cct5/Fech/Cstf3/Etf1/Nxf1/Sf3b1/Ddx41/Rnf40/Rpl5/Eif3a/Rps13/Mrpl12/Copa/Hnrnpu/Pabpc1/Tardbp/Sf1/Rpl7/Ddx5/Rbm25/Rnf20/Rps14/Xpo5/Aqr/Eif3d/Snrnp70/Cstf2/Snip1/Alyref/Pcf11/Mettl14/Hnrnpl/Cdc40/Sf3b6/Utp23/Ppp1r8/Exosc7/Ddx23/Supt5/Nsrp1/Eif4e/Dhx36/Zfp638/Lrpprc/Lsm8/Tut1/Tpr/Unk/Ythdc1/Mrpl13/Ptbp1/Ppie/Ddx59/C1qbp/Gnl3/Ago2/Exosc9/Scaf8/Rnps1/Nkap/Rbm14",78
"GO:0019843","GO:0019843","rRNA binding","33/1306","73/28409",0.452054794520548,9.83340325998028,16.5883599635284,5.24586193905329e-25,7.03819810156317e-23,4.93295087602204e-23,"Rpl3/Rpl19/Rplp0/Rps11/Rpl4/Rpl37/Sbds/Rps3/Eef2/Rps4x/Rpf2/Rps9/Mrps27/Rpl5/Rps13/Ppan/Eral1/Rpl7/Nop53/Rcc1l/Rpl17/Brix1/Imp4/Mrps17/Mrpl20/Mrpl11/Mrpl18/Rpl9/Utp23/Ptcd3/Rpl12/Mrps6/Gtf3a",33
"GO:0004386","GO:0004386","helicase activity","44/1306","150/28409",0.293333333333333,6.38078611536498,14.504280822556,1.1752217443349e-23,1.35150500598513e-21,9.4724639844136e-22,"Eif4a3/Ddx49/Dna2/Rad51/Upf1/Ruvbl2/Rfc3/Ddx56/Dhx33/Mtrex/Snrnp200/Ddx24/Dhx37/Mcm5/Rfc4/Smarca5/Rfc5/Twnk/Ddx55/Ddx41/Mcm3/Supv3l1/Ruvbl1/Rfc2/Ercc3/Dhx16/Ddx54/Ddx5/Dhx29/Smarca4/Aqr/Ddx42/Dhx30/Dicer1/Ddx10/Mcm4/Ddx46/Mcm2/Dhx36/Chd8/Ddx47/Ddx27/Ddx59/Dhx38",44
"GO:0140223","GO:0140223","general transcription initiation factor activity","26/1306","47/28409",0.553191489361702,12.0333974129224,16.6177797867538,6.52768906130735e-23,6.56848711794052e-21,4.60373860113255e-21,"Taf1c/Gtf3c1/Brf2/Brf1/Snapc2/Taf2/Ubtf/Gtf2a1/Taf5/Snapc5/Gtf2h4/Dr1/Gtf2h3/Taf12/Rrn3/Ccnh/Taf6/Snapc4/Gtf3c4/Gtf2h2/Gtf2e2/Taf7/Tbp/Taf6l/Gtf3a/Taf10",26
"GO:0051536","GO:0051536","iron-sulfur cluster binding","30/1306","74/28409",0.405405405405405,8.81865402922065,14.7832350871153,3.60562447593021e-21,3.22503078124869e-19,2.26036809251297e-19,"Nfs1/Ndufs2/Dna2/Pole/Isca1/Ciao3/Fech/Fxn/Isca2/Fbxl5/Prim2/Lias/Polr3f/Mettl17/Nfu1/Uqcrfs1/Nubp2/Ndufs7/Pold1/Glrx5/Iscu/Abce1/Fdx2/Elp3/Ndufv2/Aco2/Nubp1/Ciapin1/Ppat/Kif4",30
"GO:0051540","GO:0051540","metal cluster binding","30/1306","82/28409",0.365853658536585,7.95829753856497,13.8513743205631,1.19664953640718e-19,9.6330287680778e-18,6.7516226475184e-18,"Nfs1/Ndufs2/Dna2/Pole/Isca1/Ciao3/Fech/Fxn/Isca2/Fbxl5/Prim2/Lias/Polr3f/Mettl17/Nfu1/Uqcrfs1/Nubp2/Ndufs7/Pold1/Glrx5/Iscu/Abce1/Fdx2/Elp3/Ndufv2/Aco2/Nubp1/Ciapin1/Ppat/Kif4",30
"GO:0140097","GO:0140097","catalytic activity, acting on DNA","47/1306","239/28409",0.196652719665272,4.27772366996226,11.1702038784801,2.21832151425191e-17,1.62340801724799e-15,1.1378184991761e-15,"Rad1/Pcna/Dna2/Pole/Rad51/Upf1/Ruvbl2/Rfc3/Bptf/Rad9a/Ino80/Rps3/Top2a/Mcm5/Rfc4/Smarca5/Rfc5/Twnk/Mcm3/Supv3l1/Ruvbl1/Dnmt1/Rfc2/Ercc3/Pold1/Rbbp4/Rad51c/Smarca4/Pola1/Dhx30/Cdk7/Dkc1/Dicer1/Mcm4/Rad51d/Rad17/Mau2/Nipbl/Hmga1/Mcm2/Polg2/Dhx36/Top3a/Chd8/Ptbp1/Ptges3/Fen1",47
"GO:0008135","GO:0008135","translation factor activity, RNA binding","29/1306","92/28409",0.315217391304348,6.85682302416939,12.3513841703208,5.21597147841646e-17,3.49904753343771e-15,2.45242167757125e-15,"Eef1a1/Eif5/Eif3i/Eif3g/Eif2b2/Eif2s3x/Eif1ad/Eef2/Gfm1/Etf1/Eif2b5/Eif3a/Eif3c/Efl1/Tsfm/Eif2b4/Eef1g/Eif3f/Dhx29/Eif2b3/Eif3d/Eif3m/Eif3b/Eif3e/Tufm/Eif5a/Eif4e/Eif2b1/Gspt1",29
"GO:0017069","GO:0017069","snRNA binding","21/1306","45/28409",0.466666666666667,10.1512506380807,13.4860946770598,9.16141083289102e-17,5.67302747729021e-15,3.97612648293894e-15,"Rnpc3/Ncbp2/Eftud2/Mettl16/Prpf8/Snrnp35/Gemin5/Snrpa1/Mepce/Cdk9/Hnrnpu/Snrpd3/Sart3/Snrnp70/Rbm22/Lsm4/Eif5a/Lsm11/Lsm10/Tut1/BC005624",21
"GO:0016779","GO:0016779","nucleotidyltransferase activity","35/1306","143/28409",0.244755244755245,5.32408250248985,11.3792345329772,2.28114220028877e-16,1.31165676516604e-14,9.19317458161487e-15,"Polr2a/Pole/Polr2g/Polr3h/Polr2j/Polr3b/Yrdc/Pnpt1/Gmppb/Polr3a/Polr1b/Polr2h/Trnt1/Polr1d/Prim1/Pold1/Polr1a/Papss1/Crcp/Mtpap/Pcyt2/Rpap1/Pola1/Mocs3/Dkc1/Polr3k/Polr2c/Polrmt/Papola/Polg2/Tut1/Flad1/Ctu2/Ptges3/Polr2i",35
"GO:0016251","GO:0016251","RNA polymerase II general transcription initiation factor activity","19/1306","38/28409",0.5,10.8763399693721,13.3731508365105,5.22514862679368e-16,2.80416309637928e-14,1.96538923786766e-14,"Brf2/Snapc2/Taf2/Gtf2a1/Taf5/Snapc5/Gtf2h4/Dr1/Gtf2h3/Taf12/Ccnh/Taf6/Snapc4/Gtf2h2/Gtf2e2/Taf7/Tbp/Taf6l/Taf10",19
"GO:0090079","GO:0090079","translation regulator activity, nucleic acid binding","30/1306","110/28409",0.272727272727273,5.93254907420298,11.3779873958431,1.29853946897005e-15,6.53327670325558e-14,4.57906023268387e-14,"Eef1a1/Eif5/Eif3i/Eif3g/Eif2b2/Eif2s3x/Eif1ad/Eef2/Gfm1/Etf1/Eif2b5/Eif3a/Eif3c/Efl1/Tsfm/Eif2b4/Eef1g/Eif3f/Dhx29/Eif2b3/Eif3d/Eif3m/Eif3b/Eif3e/Tufm/Eif5a/Eif4e/Eif2b1/Gspt1/Abcf1",30
"GO:0003899","GO:0003899","DNA-directed 5'-3' RNA polymerase activity","15/1306","23/28409",0.652173913043478,14.1865303948332,13.8875486875181,2.7737903469658e-15,1.31347131135734e-13,9.20589242088959e-14,"Polr2a/Polr3h/Polr2j/Polr3b/Polr3a/Polr1b/Polr2h/Polr1d/Prim1/Polr1a/Crcp/Polr3k/Polr2c/Polrmt/Polr2i",15
"GO:0003724","GO:0003724","RNA helicase activity","24/1306","70/28409",0.342857142857143,7.45806169328375,11.8752342283504,2.96515761851924e-15,1.32608437939333e-13,9.29429522530006e-14,"Eif4a3/Ddx49/Upf1/Ddx56/Dhx33/Mtrex/Snrnp200/Ddx24/Ddx55/Ddx41/Supv3l1/Ddx54/Ddx5/Dhx29/Aqr/Ddx42/Dhx30/Ddx10/Ddx46/Dhx36/Ddx47/Ddx27/Ddx59/Dhx38",24
"GO:0045182","GO:0045182","translation regulator activity","34/1306","148/28409",0.22972972972973,4.99723728322503,10.7023773692087,4.71514183197453e-15,1.99773114459973e-13,1.40017508140629e-13,"Eef1a1/Eif5/Eif3i/Eif3g/Eif2b2/Eif2s3x/Eif1ad/Eef2/Gfm1/Rpl10/Etf1/Rps9/Rack1/Eif2b5/Eif3a/Eif3c/Efl1/Tsfm/Eif2b4/Eef1g/Eif3f/Dhx29/Eif2b3/Rps14/Eif3d/Eif3m/Eif3b/Eif3e/Tufm/Eif5a/Eif4e/Eif2b1/Gspt1/Abcf1",34
"GO:0008186","GO:0008186","ATP-dependent activity, acting on RNA","24/1306","72/28409",0.333333333333333,7.25089331291475,11.6577472537264,6.15007408399395e-15,2.47540481880757e-13,1.73496826790566e-13,"Eif4a3/Ddx49/Upf1/Ddx56/Dhx33/Mtrex/Snrnp200/Ddx24/Ddx55/Ddx41/Supv3l1/Ddx54/Ddx5/Dhx29/Aqr/Ddx42/Dhx30/Ddx10/Ddx46/Dhx36/Ddx47/Ddx27/Ddx59/Dhx38",24
"GO:0034062","GO:0034062","5'-3' RNA polymerase activity","15/1306","24/28409",0.625,13.5954249617152,13.5505596414113,7.081846506306e-15,2.59131201708015e-13,1.81620561118661e-13,"Polr2a/Polr3h/Polr2j/Polr3b/Polr3a/Polr1b/Polr2h/Polr1d/Prim1/Polr1a/Crcp/Polr3k/Polr2c/Polrmt/Polr2i",15
"GO:0097747","GO:0097747","RNA polymerase activity","15/1306","24/28409",0.625,13.5954249617152,13.5505596414113,7.081846506306e-15,2.59131201708015e-13,1.81620561118661e-13,"Polr2a/Polr3h/Polr2j/Polr3b/Polr3a/Polr1b/Polr2h/Polr1d/Prim1/Polr1a/Crcp/Polr3k/Polr2c/Polrmt/Polr2i",15
"GO:0051539","GO:0051539","4 iron, 4 sulfur cluster binding","19/1306","44/28409",0.431818181818182,9.39320270082138,12.2305473007174,1.60003716308487e-14,5.60013007079705e-13,3.92503395612582e-13,"Ndufs2/Dna2/Pole/Ciao3/Isca2/Prim2/Lias/Polr3f/Mettl17/Nfu1/Nubp2/Ndufs7/Pold1/Abce1/Elp3/Aco2/Nubp1/Ciapin1/Ppat",19
"GO:0043022","GO:0043022","ribosome binding","30/1306","120/28409",0.25,5.43816998468606,10.694709509414,1.68982980520593e-14,5.66797080496154e-13,3.9725823490806e-13,"Rps21/Hspa5/Pelo/Dhx33/Sbds/Srp19/Eef2/Rpsa/Gemin5/Naa15/Mrps27/Rack1/Mettl17/Eif3c/Efl1/Letm1/Eral1/Dhx29/Abce1/Mtor/Srp72/Eif5a/Unk/Rpn2/Ptcd3/C1qbp/Srp68/Sec61a1/Abcf1/Nmd3",30
"GO:0003697","GO:0003697","single-stranded DNA binding","30/1306","123/28409",0.24390243902439,5.30553169237665,10.5045345330982,3.4492720769882e-14,1.1106656087902e-12,7.78446245585547e-13,"Polr2g/Rad51/Smc6/Rpa2/Smc4/Hnrnpk/Mcm5/Polr2h/Twnk/Smc2/Mcm3/Hnrnpu/Mms22l/Rtf1/Pola1/Alyref/Ten1/Cdc45/Sprtn/Mcm4/Rad51d/Smc5/Rpa3/Mcm2/Dhx36/Lrpprc/Top3a/Ptbp1/Lonp1/Ctc1",30
"GO:0008094","GO:0008094","ATP-dependent activity, acting on DNA","29/1306","117/28409",0.247863247863248,5.39168989934687,10.4490307775106,5.86526479239542e-14,1.81597621456858e-12,1.27278620596111e-12,"Dna2/Rad51/Upf1/Ruvbl2/Rfc3/Bptf/Ino80/Top2a/Mcm5/Rfc4/Smarca5/Rfc5/Twnk/Mcm3/Supv3l1/Ruvbl1/Rfc2/Ercc3/Rbbp4/Rad51c/Smarca4/Dhx30/Cdk7/Mcm4/Rad51d/Rad17/Mcm2/Dhx36/Chd8",29
"GO:0140101","GO:0140101","catalytic activity, acting on a tRNA","31/1306","134/28409",0.23134328358209,5.03233640373934,10.2704881200959,6.13763146754267e-14,1.82992345606365e-12,1.28256158542022e-12,"Farsa/Gatb/Fars2/Trmt61a/Qrsl1/Mars1/Mars2/Aars2/Trmu/Etf1/Iars2/Trnt1/Rpp38/Lars2/Pop1/Vars2/Sepsecs/Prorp/Pop5/Sars2/Pop4/Rpp14/Gatc/Pop7/Pars2/Elac2/Dars2/Nars2/Mettl1/Rars2/Wars2",31
"GO:0000049","GO:0000049","tRNA binding","23/1306","79/28409",0.291139240506329,6.33305871634327,10.4195715005034,5.86560029453552e-13,1.68636008467896e-11,1.18194051047783e-11,"Eef1a1/Farsa/Hsd17b10/Fars2/Eif2s3x/Yrdc/Mars1/Aars2/Trmu/Iars2/Trnt1/Mrps27/Rps10/Nat10/Sepsecs/Xpo5/Sars2/Elp3/Elp5/Ctu2/Elp1/Ptcd1/Mettl1",23
"GO:0051082","GO:0051082","unfolded protein binding","24/1306","88/28409",0.272727272727273,5.93254907420298,10.1728278315007,8.98414449265778e-13,2.49387459192742e-11,1.74791341127571e-11,"Cct4/Hspa5/Cct8/Cct3/Tcp1/Pdrg1/Hspa9/Grpel1/Cct5/Nudcd3/Pfdn5/Vbp1/Ndufaf1/Heatr3/Hspe1/Nudc/Pfdn1/Pfdn2/Cdc37/Pfdn6/Dnaja3/Mkks/Srsf10/Ptges3",24
"GO:0016891","GO:0016891","RNA endonuclease activity, producing 5'-phosphomonoesters","14/1306","28/28409",0.5,10.8763399693721,11.4774242584742,3.85137884396568e-12,1.03345332313079e-10,7.24329494865123e-11,"Drosha/Dbr1/Rpp38/Pop1/Prorp/Pop5/Mrpl44/Pop4/Dicer1/Rpp14/Pop7/Elac2/Ago2/Fen1",14
"GO:0003678","GO:0003678","DNA helicase activity","19/1306","58/28409",0.327586206896552,7.12587791096795,10.2513574830933,5.81912152680624e-12,1.51109446099323e-10,1.0590998772048e-10,"Dna2/Rad51/Upf1/Ruvbl2/Rfc3/Mcm5/Rfc4/Rfc5/Twnk/Mcm3/Supv3l1/Ruvbl1/Rfc2/Ercc3/Dhx30/Mcm4/Mcm2/Dhx36/Chd8",19
"GO:0003743","GO:0003743","translation initiation factor activity","19/1306","63/28409",0.301587301587302,6.56033204501811,9.69858431978639,3.02464925037433e-11,7.60888327047292e-10,5.33293420460737e-10,"Eif5/Eif3i/Eif3g/Eif2b2/Eif2s3x/Eif1ad/Eif2b5/Eif3a/Eif3c/Eif2b4/Eif3f/Dhx29/Eif2b3/Eif3d/Eif3m/Eif3b/Eif3e/Eif4e/Eif2b1",19
"GO:0016893","GO:0016893","endonuclease activity, active with either ribo- or deoxyribonucleic acids and producing 5'-phosphomonoesters","15/1306","38/28409",0.394736842105263,8.58658418634642,10.272685526473,4.56033792011666e-11,1.11244606839209e-09,7.79694138814204e-10,"Drosha/Dna2/Dbr1/Rpp38/Pop1/Prorp/Pop5/Mrpl44/Pop4/Dicer1/Rpp14/Pop7/Elac2/Ago2/Fen1",15
"GO:0140296","GO:0140296","general transcription initiation factor binding","18/1306","60/28409",0.3,6.52580398162328,9.40557744648838,1.10286484429477e-10,2.61119470487439e-09,1.83014104192569e-09,"Psmc5/Brf2/Ruvbl2/Brf1/Ctdp1/Gtf2a1/Dr1/Nop58/Hnrnpu/Ruvbl1/Psmc2/Psmc1/Taf12/Mtor/Gtf2e2/Taf7/Tbp/Bdp1",18
"GO:0001098","GO:0001098","basal transcription machinery binding","18/1306","65/28409",0.276923076923077,6.02381905995995,8.901092894757,4.77244212981783e-10,1.06717108736204e-08,7.47961690521156e-09,"Ruvbl2/Ctdp1/Paf1/Rprd1b/Gtf2a1/Cdc73/Nop58/Hnrnpu/Ruvbl1/Brd4/Rtf1/Pcf11/Gtf2e2/Taf7/Tbp/Polr2m/Ago2/Scaf8",18
"GO:0001099","GO:0001099","basal RNA polymerase II transcription machinery binding","18/1306","65/28409",0.276923076923077,6.02381905995995,8.901092894757,4.77244212981783e-10,1.06717108736204e-08,7.47961690521156e-09,"Ruvbl2/Ctdp1/Paf1/Rprd1b/Gtf2a1/Cdc73/Nop58/Hnrnpu/Ruvbl1/Brd4/Rtf1/Pcf11/Gtf2e2/Taf7/Tbp/Polr2m/Ago2/Scaf8",18
"GO:0016874","GO:0016874","ligase activity","29/1306","166/28409",0.174698795180723,3.8001669772505,7.94265678116058,5.60563291320979e-10,1.21960391760375e-08,8.54799215214921e-09,"Glul/Gmps/Farsa/Gatb/Fars2/Paics/Qrsl1/Mars1/Mars2/Rtcb/Aars2/Ppcs/Iars2/Uba1/Lars2/Uba2/Vars2/Sars2/Mocs3/Uba3/Gclc/Gss/Gatc/Pars2/Gclm/Dars2/Nars2/Rars2/Wars2",29
"GO:0008097","GO:0008097","5S rRNA binding","9/1306","14/28409",0.642857142857143,13.983865674907,10.6667061392989,1.44990357223172e-09,3.0715062517014e-08,2.15276541472631e-08,"Rpl3/Rpl4/Eef2/Rpf2/Rpl5/Rpl7/Nop53/Mrpl18/Gtf3a",9
"GO:0004812","GO:0004812","aminoacyl-tRNA ligase activity","14/1306","41/28409",0.341463414634146,7.42774436932731,9.04106104073322,1.92842581110257e-09,3.88095694484391e-08,2.72009535460783e-08,"Farsa/Fars2/Mars1/Mars2/Aars2/Iars2/Lars2/Vars2/Sars2/Pars2/Dars2/Nars2/Rars2/Wars2",14
"GO:0016875","GO:0016875","ligase activity, forming carbon-oxygen bonds","14/1306","41/28409",0.341463414634146,7.42774436932731,9.04106104073322,1.92842581110257e-09,3.88095694484391e-08,2.72009535460783e-08,"Farsa/Fars2/Mars1/Mars2/Aars2/Iars2/Lars2/Vars2/Sars2/Pars2/Dars2/Nars2/Rars2/Wars2",14
"GO:0061629","GO:0061629","RNA polymerase II-specific DNA-binding transcription factor binding","46/1306","387/28409",0.118863049095607,2.58558986351999,6.89413866729651,4.30396008506591e-09,8.45045821580015e-08,5.92277947521266e-08,"Pcna/Hsd17b10/Med12/Ipo13/Ctdp1/Psma6/Snw1/Prpf6/Gtf2a1/Csnk2b/Sin3a/Dcaf13/Rbx1/Bbs7/Bbs4/Dnmt1/Id2/Ddx54/Ddx5/Hdac3/Bbs10/Kat8/Smarca4/Setd1a/Smarce1/Dcaf1/Mms19/Med30/E4f1/Dmap1/Uba3/Taf6/Bbs1/Hmga1/Med13/Taf7/Dnaja3/Med4/Mkks/Bbs2/Tbp/Ttc8/Exosc9/Dot1l/Smarcb1/Taf10",46
"GO:0031369","GO:0031369","translation initiation factor binding","13/1306","38/28409",0.342105263157895,7.44170629483356,8.72245287145429,7.13194705680318e-09,1.36695651922061e-07,9.58076095851253e-08,"Eif5/Zpr1/Rps19/Polr2g/Rbx1/Eif2b5/Eif3c/Eif2b4/Eif3f/Eif3m/Eif3b/Gle1/Eif4e",13
"GO:0004659","GO:0004659","prenyltransferase activity","9/1306","16/28409",0.5625,12.2358824655436,9.86835520479051,7.61954863855565e-09,1.42645038465984e-07,9.99774313406567e-08,"Fdps/Rabggta/Dhdds/Nus1/Fnta/Ggps1/Ptar1/Fntb/Cox10",9
"GO:0017056","GO:0017056","structural constituent of nuclear pore","10/1306","21/28409",0.476190476190476,10.3584190184496,9.41733394926472,9.03464016053644e-09,1.65292848391633e-07,1.15850888182955e-07,"Nup93/Nup85/Nup205/Nup155/Nup54/Nup160/Nup88/Nup107/Nup214/Tpr",10
"GO:0015631","GO:0015631","tubulin binding","46/1306","397/28409",0.115869017632242,2.52046165537087,6.6970247234732,9.59264122376458e-09,1.716016930029e-07,1.20272647858195e-07,"Plk1/Haus4/Smc3/Sbds/Ino80/Rps3/Tbcc/Tbcd/Ndc80/Bccip/Cct5/Fnta/Tbcb/Vbp1/Dnm1l/Haus7/Tbca/B9d2/Bbs4/Knl1/Gli1/Togaram1/Birc5/Arl3/Kif3b/Opa1/Kif18b/Traf3ip1/Rad51d/Numa1/Kif20a/Spag5/Ska2/Cep57/Ift74/Lrpprc/Tpr/Kif4/Gapdh/Prc1/Dyrk1a/Tubgcp4/Ska3/Tubgcp3/Fbxw11/Kif23",46
"GO:0003713","GO:0003713","transcription coactivator activity","36/1306","273/28409",0.131868131868132,2.86848526664759,6.80962284846264,1.41567627767004e-08,2.47743348592257e-07,1.73639012547172e-07,"Med12/Snw1/Prpf6/Pkm/Elob/Ruvbl1/Trrap/Med27/Brd4/Taf5l/Rnf20/Kat8/Taf12/Smarca4/Pprc1/Mms19/Med30/Cebpz/Taf6/Brca1/Kat5/Hmga1/Med13/Tsg101/Wdr77/Med4/Med21/Hcfc1/Taf6l/Dyrk1a/Trim28/Dot1l/Smarcb1/Tada2b/Rbm14/Supt3",36
"GO:0036002","GO:0036002","pre-mRNA binding","13/1306","40/28409",0.325,7.06962098009188,8.43243087647087,1.45437080545149e-08,2.49099680508181e-07,1.74589642043001e-07,"Sox9/Rnpc3/Prpf8/Hnrnpk/Slu7/Hnrnpu/Tardbp/Ddx5/Rbm22/Hnrnpl/U2af2/U2af1/Ptbp1",13
"GO:0140994","GO:0140994","RNA polymerase II CTD heptapeptide repeat modifying activity","9/1306","17/28409",0.529411764705882,11.5161246734528,9.52062433979877,1.5527942664207e-08,2.60416538430972e-07,1.82521431316118e-07,"Cdk1/Ctdp1/Cdk12/Cdk9/Brd4/Ccnk/Cdk7/Ssu72/Dyrk1a",9
"GO:0030515","GO:0030515","snoRNA binding","12/1306","34/28409",0.352941176470588,7.67741644896856,8.55191196702627,1.8128824086956e-08,2.97830681428563e-07,2.08744354685465e-07,"Heatr1/Nop14/Dhx37/Bysl/Tsr1/Nop58/Rrp9/Imp4/Tbl3/Dkc1/Nop56/Nop10",12
"GO:0017116","GO:0017116","single-stranded DNA helicase activity","10/1306","23/28409",0.434782608695652,9.45768692988881,8.90731189370621,2.69327201026807e-08,4.33616793653159e-07,3.03914483684986e-07,"Dna2/Rad51/Rfc3/Mcm5/Rfc4/Rfc5/Mcm3/Rfc2/Mcm4/Mcm2",10
"GO:0004521","GO:0004521","RNA endonuclease activity","16/1306","65/28409",0.246153846153846,5.35450583107551,7.71521833301718,2.79397039306664e-08,4.4100905223895e-07,3.09095589408404e-07,"Drosha/Dbr1/Rpp38/Rnaset2a/Pop1/Prorp/Pop5/Mrpl44/Pop4/Dicer1/Rpp14/Pop7/Ints11/Elac2/Ago2/Fen1",16
"GO:0008353","GO:0008353","RNA polymerase II CTD heptapeptide repeat kinase activity","7/1306","10/28409",0.7,15.226875957121,9.8773685033329,4.53669931766325e-08,6.89064707682814e-07,4.82953492406654e-07,"Cdk1/Cdk12/Cdk9/Brd4/Ccnk/Cdk7/Dyrk1a",7
"GO:1990446","GO:1990446","U1 snRNP binding","7/1306","10/28409",0.7,15.226875957121,9.8773685033329,4.53669931766325e-08,6.89064707682814e-07,4.82953492406654e-07,"Snrpd1/Snrpb/Snrpd3/Snrpg/Snrnp70/Snrpe/Rbm39",7
"GO:0005525","GO:0005525","GTP binding","42/1306","364/28409",0.115384615384615,2.50992460831665,6.36445863812567,4.70706431977855e-08,7.01701255078099e-07,4.91810229123061e-07,"Eef1a1/Tubb5/Eif5/Ran/Eif2b2/Eftud2/Eif2s3x/Eef2/Rab34/Gfm1/Gmppb/Rtcb/Tsr1/Dnm1l/Gtpbp4/Gnl2/Lsg1/Tubg1/Efl1/Rabl2/Eral1/Gpn1/Mtg2/Srp54a/Arfrp1/Rab37/Cplane2/Arl3/Ift27/Opa1/Tube1/Arl2/Tufm/Gpn2/Arl6/Arl13b/Eif2b1/Rac3/Gspt1/Gnl3/Gnl3l/Rac1",42
"GO:0004518","GO:0004518","nuclease activity","29/1306","204/28409",0.142156862745098,3.09229273639011,6.58351325979159,6.84851785358951e-08,1.00237397675265e-06,7.02546520483057e-07,"Rad1/Drosha/Exosc3/Dna2/Pole/Rad9a/Rps3/Pnpt1/Dbr1/Rpp38/Rnaset2a/Pold1/Pop1/Rad51c/Prorp/Pop5/Mrpl44/Pop4/Dicer1/Rpp14/Xrn2/Polrmt/Pop7/Ints11/Elac2/Ptbp1/Ago2/Exosc10/Fen1",29
"GO:0003730","GO:0003730","mRNA 3'-UTR binding","22/1306","127/28409",0.173228346456693,3.76818077679034,6.86316571827434,7.67691802382311e-08,1.10355696592457e-06,7.73463921197216e-07,"Exosc8/Rps7/Cpsf1/Hnrnpk/Gemin5/Cct5/Rnf40/Rpl5/Hnrnpu/Pabpc1/Tardbp/Ddx5/Rnf20/Hnrnpl/Utp23/Exosc7/Dhx36/Lrpprc/Tut1/Ago2/Exosc9/Rnps1",22
"GO:0004526","GO:0004526","ribonuclease P activity","7/1306","11/28409",0.636363636363636,13.8426145064736,9.35166944538472,1.19775985388861e-07,1.69157312698303e-06,1.18559424133757e-06,"Rpp38/Pop1/Prorp/Pop5/Pop4/Rpp14/Pop7",7
"GO:0044183","GO:0044183","protein folding chaperone","15/1306","63/28409",0.238095238095238,5.17920950922482,7.28956750911771,1.21901396971131e-07,1.69190732003036e-06,1.18582847144331e-06,"Zpr1/Cct4/Hspa5/Cct8/Cct3/Tcp1/Hspa9/Cdc123/Hypk/Hyou1/Cct5/Hspe1/Pfdn1/Pfdn2/Hspd1",15
"GO:0044389","GO:0044389","ubiquitin-like protein ligase binding","40/1306","350/28409",0.114285714285714,2.48602056442792,6.14053177046536,1.26388348528058e-07,1.72445119601842e-06,1.20863790920676e-06,"Fau/Tubb5/Polr2a/Ccnb1/Rangap1/Ndufs2/Hspa5/Nedd8/Tcp1/Uqcrc1/Smc6/Hspa9/Rpa2/Psma3/Aurka/Atp6v0c/Nploc4/Anapc2/Elob/Rbx1/Rnf40/Hgs/Dnm1l/Rpl5/Ube2n/Usp9x/Rnf20/Cul2/Arih1/Cul3/Brca1/Tpi1/Hspd1/Prkar1a/Tsg101/Lrpprc/Actg1/Caml/Cul1/Trim28",40
"GO:0004549","GO:0004549","tRNA-specific ribonuclease activity","8/1306","16/28409",0.5,10.8763399693721,8.67428359453903,1.80611098384565e-07,2.42319890332625e-06,1.69837804796714e-06,"Rpp38/Pop1/Prorp/Pop5/Pop4/Rpp14/Pop7/Elac2",8
"GO:0031625","GO:0031625","ubiquitin protein ligase binding","38/1306","329/28409",0.115501519756839,2.51246759170906,6.05715532372485,1.97396611520918e-07,2.60498807007113e-06,1.82579091933067e-06,"Fau/Tubb5/Polr2a/Rangap1/Ndufs2/Hspa5/Nedd8/Tcp1/Uqcrc1/Smc6/Hspa9/Rpa2/Psma3/Aurka/Atp6v0c/Nploc4/Anapc2/Elob/Rbx1/Rnf40/Dnm1l/Rpl5/Ube2n/Usp9x/Rnf20/Cul2/Arih1/Cul3/Brca1/Tpi1/Hspd1/Prkar1a/Tsg101/Lrpprc/Actg1/Caml/Cul1/Trim28",38
"GO:0002039","GO:0002039","p53 binding","16/1306","76/28409",0.210526315789474,4.57951156605142,6.85910610240251,2.89812509658312e-07,3.73815373693625e-06,2.6200070650511e-06,"Eef2/Prmt5/Triap1/Nop53/Brd4/Rnf20/Smarca4/Trp53rka/Brca1/Hspd1/Stk11/Chd8/Usp7/Ptges3/Smarcb1/Taf3",16
"GO:0019001","GO:0019001","guanyl nucleotide binding","42/1306","389/28409",0.107969151670951,2.34861839955594,5.87912983576261,2.97194831259528e-07,3.73815373693625e-06,2.6200070650511e-06,"Eef1a1/Tubb5/Eif5/Ran/Eif2b2/Eftud2/Eif2s3x/Eef2/Rab34/Gfm1/Gmppb/Rtcb/Tsr1/Dnm1l/Gtpbp4/Gnl2/Lsg1/Tubg1/Efl1/Rabl2/Eral1/Gpn1/Mtg2/Srp54a/Arfrp1/Rab37/Cplane2/Arl3/Ift27/Opa1/Tube1/Arl2/Tufm/Gpn2/Arl6/Arl13b/Eif2b1/Rac3/Gspt1/Gnl3/Gnl3l/Rac1",42
"GO:0032561","GO:0032561","guanyl ribonucleotide binding","42/1306","389/28409",0.107969151670951,2.34861839955594,5.87912983576261,2.97194831259528e-07,3.73815373693625e-06,2.6200070650511e-06,"Eef1a1/Tubb5/Eif5/Ran/Eif2b2/Eftud2/Eif2s3x/Eef2/Rab34/Gfm1/Gmppb/Rtcb/Tsr1/Dnm1l/Gtpbp4/Gnl2/Lsg1/Tubg1/Efl1/Rabl2/Eral1/Gpn1/Mtg2/Srp54a/Arfrp1/Rab37/Cplane2/Arl3/Ift27/Opa1/Tube1/Arl2/Tufm/Gpn2/Arl6/Arl13b/Eif2b1/Rac3/Gspt1/Gnl3/Gnl3l/Rac1",42
"GO:0003746","GO:0003746","translation elongation factor activity","8/1306","17/28409",0.470588235294118,10.2365552652914,8.36218432219829,3.27351681247105e-07,4.05412466775261e-06,2.84146560564289e-06,"Eef1a1/Eef2/Gfm1/Efl1/Tsfm/Eef1g/Tufm/Eif5a",8
"GO:0017025","GO:0017025","TBP-class protein binding","10/1306","29/28409",0.344827586206897,7.50092411680837,7.68866848441451,3.66186855393093e-07,4.39970774017074e-06,3.08367878225762e-06,"Psmc5/Brf2/Ruvbl2/Brf1/Gtf2a1/Dr1/Ruvbl1/Psmc2/Psmc1/Taf12",10
"GO:0051537","GO:0051537","2 iron, 2 sulfur cluster binding","10/1306","29/28409",0.344827586206897,7.50092411680837,7.68866848441451,3.66186855393093e-07,4.39970774017074e-06,3.08367878225762e-06,"Isca1/Fech/Fxn/Isca2/Uqcrfs1/Glrx5/Iscu/Fdx2/Ndufv2/Ciapin1",10
"GO:0000287","GO:0000287","magnesium ion binding","30/1306","236/28409",0.127118644067797,2.76517117865393,5.97736143411433,4.93524452510627e-07,5.84245859222139e-06,4.09487781030489e-06,"Polr2a/Ran/Plk1/Glul/Farsa/Dut/Wee1/Cdc123/Csnk1a1/Pgm3/Aasdhppt/Top2a/Pkm/Polr3a/Ppa2/Tkt/Prim1/Pdxk/Polr1a/Uba2/Mtpap/Arl3/Gclc/Gss/Foxk2/Stk11/Papola/Dhx36/Alpi/Fen1",30
"GO:0017070","GO:0017070","U6 snRNA binding","7/1306","13/28409",0.538461538461538,11.7129815054777,8.48079729798732,5.7411956269642e-07,6.69806156479157e-06,4.69455508169766e-06,"Mettl16/Prpf8/Sart3/Rbm22/Lsm4/Eif5a/Tut1",7
"GO:0004519","GO:0004519","endonuclease activity","20/1306","121/28409",0.165289256198347,3.59548428739574,6.28048529560821,6.46804260078063e-07,7.33348492060339e-06,5.13991228171745e-06,"Drosha/Dna2/Rps3/Dbr1/Rpp38/Rnaset2a/Pop1/Rad51c/Prorp/Pop5/Mrpl44/Pop4/Dicer1/Rpp14/Pop7/Ints11/Elac2/Ptbp1/Ago2/Fen1",20
"GO:0004540","GO:0004540","RNA nuclease activity","20/1306","121/28409",0.165289256198347,3.59548428739574,6.28048529560821,6.46804260078063e-07,7.33348492060339e-06,5.13991228171745e-06,"Drosha/Pnpt1/Dbr1/Rpp38/Rnaset2a/Pop1/Prorp/Pop5/Mrpl44/Pop4/Dicer1/Rpp14/Xrn2/Polrmt/Pop7/Ints11/Elac2/Ago2/Exosc10/Fen1",20
"GO:0070063","GO:0070063","RNA polymerase binding","14/1306","64/28409",0.21875,4.75839873660031,6.60751024744019,9.72195758948878e-07,1.08696886938034e-05,7.61837612275729e-06,"Paf1/Rprd1b/Cdc73/Hnrnpu/Pabpn1/Brd4/Rtf1/Rrn3/Pcf11/Brca1/Polr2m/Ago2/Scaf8/Taf10",14
"GO:0070990","GO:0070990","snRNP binding","7/1306","14/28409",0.5,10.8763399693721,8.11376356031653,1.10246473351683e-06,1.21573165819322e-05,8.52085215811135e-06,"Snrpd1/Snrpb/Snrpd3/Snrpg/Snrnp70/Snrpe/Rbm39",7
"GO:0001091","GO:0001091","RNA polymerase II general transcription initiation factor binding","9/1306","26/28409",0.346153846153846,7.52977382494994,7.31204574302881,1.37059004858132e-06,1.49097971501076e-05,1.04500180090979e-05,"Ruvbl2/Ctdp1/Gtf2a1/Nop58/Hnrnpu/Ruvbl1/Gtf2e2/Taf7/Tbp",9
"GO:0046982","GO:0046982","protein heterodimerization activity","35/1306","316/28409",0.110759493670886,2.40931581600015,5.53013894479801,1.57448754975159e-06,1.68994997006671e-05,1.18445659883067e-05,"H2ac10/Ran/Ppp2ca/Smc3/Ppp2r1a/Aurka/Gtf2a1/Top2a/H2bc1/Cenpa/Cenpw/Prmt5/Dr1/Ext2/H2ac11/Slc3a2/Ext1/H2bc3/Uba2/Taf12/Birc5/H2ac13/Uba3/Taf6/H2ac20/Supt5/Taf7/Trmt112/Taf8/H2aj/Pafah1b2/Taf6l/Mcl1/Bud23/Taf3",35
"GO:0033204","GO:0033204","ribonuclease P RNA binding","6/1306","10/28409",0.6,13.0516079632466,8.36713367498684,1.67086004689592e-06,1.76979254967265e-05,1.24041687691996e-05,"Rpp38/Pop1/Pop5/Pop4/Rpp14/Pop7",6
"GO:0001046","GO:0001046","core promoter sequence-specific DNA binding","12/1306","50/28409",0.24,5.22064318529862,6.55694317206209,2.02852074927727e-06,2.12072623788078e-05,1.48638020726263e-05,"Polr2a/Taf1c/Snapc3/Ruvbl2/Ubtf/Gtf2a1/Rrn3/Zbtb17/Hmga1/Tbp/Ago2/Smarcb1",12
"GO:0009055","GO:0009055","electron transfer activity","12/1306","52/28409",0.230769230769231,5.01984921663329,6.36890145134969,3.16724341317887e-06,3.26875762513973e-05,2.2910154783588e-05,"Ndor1/Ndufs2/Ndufa2/Cycs/Uqcrfs1/Ndufs7/Ndufb7/Fdx2/Ndufv2/Cyc1/Cox5a/Ciapin1",12
"GO:0043175","GO:0043175","RNA polymerase core enzyme binding","11/1306","44/28409",0.25,5.43816998468606,6.46728666770015,3.51212062496001e-06,3.55423692645879e-05,2.49110296512836e-05,"Paf1/Rprd1b/Cdc73/Hnrnpu/Brd4/Rtf1/Rrn3/Pcf11/Polr2m/Ago2/Scaf8",11
"GO:1990948","GO:1990948","ubiquitin ligase inhibitor activity","6/1306","11/28409",0.545454545454545,11.865098148406,7.91169168274395,3.53216092070439e-06,3.55423692645879e-05,2.49110296512836e-05,"Rps7/Rpl37/Rpl5/Rps15/Rps20/Fbxo5",6
"GO:0140662","GO:0140662","ATP-dependent protein folding chaperone","9/1306","29/28409",0.310344827586207,6.75083170512753,6.80153124323712,3.87718509238223e-06,3.85325185107123e-05,2.70067733530458e-05,"Cct4/Hspa5/Cct8/Cct3/Tcp1/Hspa9/Hyou1/Cct5/Hspd1",9
"GO:0003725","GO:0003725","double-stranded RNA binding","15/1306","82/28409",0.182926829268293,3.97914876928249,5.93037370581982,4.38361158636861e-06,4.30342356954479e-05,3.01619487842564e-05,"Cltc/Dhx33/Yrdc/Prkra/Hnrnpu/Supv3l1/Slc3a2/Ilf2/Mrpl44/Dhx30/Dicer1/Hspd1/Dgcr8/Dhx36/Ago2",15
"GO:0008017","GO:0008017","microtubule binding","31/1306","279/28409",0.111111111111111,2.41696443763825,5.221068868061,5.70838617119696e-06,5.53644682869103e-05,3.88039947718652e-05,"Plk1/Haus4/Sbds/Rps3/Ndc80/Fnta/Tbcb/Dnm1l/Haus7/Knl1/Gli1/Togaram1/Birc5/Arl3/Kif3b/Opa1/Kif18b/Traf3ip1/Numa1/Kif20a/Spag5/Ska2/Cep57/Kif4/Gapdh/Prc1/Tubgcp4/Ska3/Tubgcp3/Fbxw11/Kif23",31
"GO:0003924","GO:0003924","GTPase activity","33/1306","308/28409",0.107142857142857,2.33064427915117,5.15418114040012,6.31796273342466e-06,6.05471428619864e-05,4.2436441417489e-05,"Eef1a1/Tubb5/Ran/Eftud2/Eif2s3x/Tbcc/Eef2/Rab34/Gfm1/Tsr1/Dnm1l/Gtpbp4/Lsg1/Efl1/Rabl2/Gpn1/Mtg2/Srp54a/Arfrp1/Rab37/Abce1/Cplane2/Arl3/Ift27/Opa1/Arl2/Tufm/Gpn2/Arl6/Arl13b/Rac3/Gspt1/Rac1",33
"GO:0042393","GO:0042393","histone binding","32/1306","295/28409",0.108474576271186,2.35961273911802,5.15285769019319,6.71794094795311e-06,6.36228525070854e-05,4.45921529176826e-05,"Gm20738/Sbno1/Yeats4/Bptf/Wdr5/Ino80/H2bc1/Smarca5/Ncapd2/Ipo7/Hjurp/Supt6/Sart3/Gm20747/Rbbp4/Brd4/Ncapg2/Rnf20/Sgf29/Smarca4/Hinfp/Vrk1/Taf7/Kmt2a/Mcm2/Srcap/Chd8/Brd2/Zmynd8/Rbbp5/Ssrp1/Gm20815",32
"GO:0070182","GO:0070182","DNA polymerase binding","8/1306","24/28409",0.333333333333333,7.25089331291475,6.7249102675148,7.42193112963674e-06,6.94727274343904e-05,4.86922287085103e-05,"Pcna/Rad51/Nat10/Smarca4/Cdt1/Polg2/Ptges3/Lonp1",8
"GO:0000993","GO:0000993","RNA polymerase II complex binding","10/1306","39/28409",0.256410256410256,5.57761024070366,6.27949448307257,7.63580959788439e-06,7.06531807620337e-05,4.95195879548219e-05,"Paf1/Rprd1b/Cdc73/Hnrnpu/Brd4/Rtf1/Pcf11/Polr2m/Ago2/Scaf8",10
"GO:0140993","GO:0140993","histone modifying activity","42/1306","444/28409",0.0945945945945946,2.05768594015148,4.9308755335869,8.95736813085406e-06,8.19395607424718e-05,5.74300157671983e-05,"Cdk1/Riok1/Jmjd6/Wdr5/Aurka/Csnk1a1/Pkm/Prmt5/Meaf6/Mastl/Pkmyt1/Kmt2b/Chek1/Hdac3/Prmt1/Rnf20/Kat8/Mtor/Setd1a/Dcaf1/Huwe1/Pik3ca/Kat5/Gtf3c4/Bap1/Stk11/Vrk1/Ttbk2/Suds3/Ash2l/Prpf4b/Kmt2a/Smg1/Cdc7/Brpf1/Pik3r4/Bub1b/Dyrk1a/Atr/Dot1l/Usp36/Taf10",42
"GO:0048027","GO:0048027","mRNA 5'-UTR binding","8/1306","25/28409",0.32,6.96085758039816,6.54523413112929,1.04749355465543e-05,9.47452035390584e-05,6.64052685151165e-05,"Rps7/Cct5/Rpl5/Rps13/Rps14/Utp23/Dhx36/Gnl3",8
"GO:0016922","GO:0016922","nuclear receptor binding","21/1306","158/28409",0.132911392405063,2.89117897920019,5.2327200234064,1.2334959037492e-05,0.000110329355835345,7.73279303403007e-05,"Pcna/Hsd17b10/Med12/Ipo13/Snw1/Prpf6/Dcaf13/Dnmt1/Ddx54/Ddx5/Smarca4/Smarce1/Dcaf1/Mms19/Med30/Uba3/Hmga1/Med13/Taf7/Med4/Taf10",21
"GO:0000339","GO:0000339","RNA cap binding","6/1306","15/28409",0.4,8.7010719754977,6.54887586668903,3.2633583103273e-05,0.000285543852153638,0.000200132729328997,"Ncbp2/Ncbp1/Gemin5/Eif3d/Eif4e/Ago2",6
"GO:0003688","GO:0003688","DNA replication origin binding","6/1306","15/28409",0.4,8.7010719754977,6.54887586668903,3.2633583103273e-05,0.000285543852153638,0.000200132729328997,"Orc5/Mcm5/Orc1/Pola1/Cdc45/Mcm2",6
"GO:0070034","GO:0070034","telomerase RNA binding","7/1306","22/28409",0.318181818181818,6.92130725323681,6.09891280051612,3.96050496204448e-05,0.000342817902628582,0.000240275117108754,"Snrpb/Hnrnpu/Snrpd3/Dkc1/Dhx36/Nop10/Exosc10",7
"GO:0016765","GO:0016765","transferase activity, transferring alkyl or aryl (other than methyl) groups","12/1306","66/28409",0.181818181818182,3.95503271613532,5.27587610602821,4.17107199066673e-05,0.000351050043275357,0.000246044881589528,"Mat2a/Fdps/Rabggta/Dhdds/Nus1/Dhps/Fnta/Ggps1/Hmbs/Ptar1/Fntb/Cox10",12
"GO:0001056","GO:0001056","RNA polymerase III activity","5/1306","10/28409",0.5,10.8763399693721,6.85689884664077,4.23004399971548e-05,0.000351050043275357,0.000246044881589528,"Polr3b/Polr3a/Polr2h/Polr1d/Polr3k",5
"GO:0010997","GO:0010997","anaphase-promoting complex binding","5/1306","10/28409",0.5,10.8763399693721,6.85689884664077,4.23004399971548e-05,0.000351050043275357,0.000246044881589528,"Plk1/Clspn/Fbxo5/Cdc20/Ccnf",5
"GO:0070883","GO:0070883","pre-miRNA binding","5/1306","10/28409",0.5,10.8763399693721,6.85689884664077,4.23004399971548e-05,0.000351050043275357,0.000246044881589528,"Ran/Prkra/Xpo5/Dicer1/Dhx36",5
"GO:0008168","GO:0008168","methyltransferase activity","23/1306","199/28409",0.115577889447236,2.5141288371413,4.70512387117435,4.7683344736071e-05,0.000391684617474869,0.00027452494928608,"Wdr5/Trmt61a/Mettl16/Dimt1/Tfb1m/Prmt5/Mepce/Kmt2b/Spout1/Mettl17/Ftsj3/Dnmt1/Prmt1/Ndufaf7/Setd1a/Mettl14/Trmt112/Ash2l/Kmt2a/Cmtr1/Dot1l/Mettl1/Bud23",23
"GO:0055105","GO:0055105","ubiquitin-protein transferase inhibitor activity","6/1306","16/28409",0.375,8.1572549770291,6.28614037403607,5.01809296460601e-05,0.000408036852172509,0.000285985946733527,"Rps7/Rpl37/Rpl5/Rps15/Rps20/Fbxo5",6
"GO:0008757","GO:0008757","S-adenosylmethionine-dependent methyltransferase activity","20/1306","161/28409",0.124223602484472,2.70219626568252,4.75457776160783,5.27368129794821e-05,0.000424531344484831,0.000297546650073709,"Wdr5/Trmt61a/Mettl16/Dimt1/Tfb1m/Prmt5/Mepce/Kmt2b/Ftsj3/Dnmt1/Prmt1/Ndufaf7/Setd1a/Mettl14/Ash2l/Kmt2a/Cmtr1/Dot1l/Mettl1/Bud23",20
"GO:0016783","GO:0016783","sulfurtransferase activity","5/1306","11/28409",0.454545454545455,9.8875817903383,6.47171392010318,7.46073392275302e-05,0.000588812824295704,0.000412688687574367,"Nfs1/Trmu/Lias/Mocs3/Ctu2",5
"GO:0099122","GO:0099122","RNA polymerase II C-terminal domain binding","5/1306","11/28409",0.454545454545455,9.8875817903383,6.47171392010318,7.46073392275302e-05,0.000588812824295704,0.000412688687574367,"Rprd1b/Hnrnpu/Brd4/Rtf1/Scaf8",5
"GO:0016879","GO:0016879","ligase activity, forming carbon-nitrogen bonds","10/1306","50/28409",0.2,4.35053598774885,5.20519577303803,7.7876743535246e-05,0.000608648335396825,0.000426591052988164,"Glul/Gmps/Gatb/Paics/Qrsl1/Ppcs/Gclc/Gss/Gatc/Gclm",10
"GO:0051087","GO:0051087","protein-folding chaperone binding","20/1306","166/28409",0.120481927710843,2.6208048118969,4.59740309586507,8.1332383130099e-05,0.000629543927112785,0.000441236410503371,"Cdk1/Hspa9/Rps3/Grpel1/Hscb/Timm44/Get4/Dlst/Hspe1/Birc5/Timm10/Cdc37/Pfdn6/Hspd1/Dnaja3/Sod1/Ogdh/Dnajc8/Ptges3/Ago2",20
"GO:0016741","GO:0016741","transferase activity, transferring one-carbon groups","23/1306","210/28409",0.10952380952381,2.38243637424342,4.41388670416376,0.000109288475398924,0.000837878311391747,0.000587254364048351,"Wdr5/Trmt61a/Mettl16/Dimt1/Tfb1m/Prmt5/Mepce/Kmt2b/Spout1/Mettl17/Ftsj3/Dnmt1/Prmt1/Ndufaf7/Setd1a/Mettl14/Trmt112/Ash2l/Kmt2a/Cmtr1/Dot1l/Mettl1/Bud23",23
"GO:0015453","GO:0015453","oxidoreduction-driven active transmembrane transporter activity","8/1306","35/28409",0.228571428571429,4.97204112885583,5.16143796955396,0.000151298855902916,0.00114901489624385,0.000805324595471332,"Ndufs2/Ndufa2/Uqcrfs1/Ndufs7/Ndufb7/Ndufv2/Cyc1/Cox5a",8
"GO:0055106","GO:0055106","ubiquitin-protein transferase regulator activity","8/1306","36/28409",0.222222222222222,4.8339288752765,5.0527278717822,0.000186741474522714,0.00140492417748397,0.000984686968462122,"Rps7/Rpl37/Rpl5/Ube2n/Rps15/Rps20/Fbxo5/Cdc20",8
"GO:0000340","GO:0000340","RNA 7-methylguanosine cap binding","5/1306","13/28409",0.384615384615385,8.36641536105548,5.83153022881151,0.000192383661940239,0.00140800997326365,0.000986849749158962,"Ncbp2/Ncbp1/Gemin5/Eif4e/Ago2",5
"GO:0140996","GO:0140996","histone H3 kinase activity","5/1306","13/28409",0.384615384615385,8.36641536105548,5.83153022881151,0.000192383661940239,0.00140800997326365,0.000986849749158962,"Aurka/Pkm/Chek1/Vrk1/Dyrk1a",5
"GO:0003727","GO:0003727","single-stranded RNA binding","14/1306","100/28409",0.14,3.0453751914242,4.49773594807728,0.000192398878334163,0.00140800997326365,0.000986849749158962,"Eif4a3/Jmjd6/Polr2g/Rps7/Pnpt1/Hnrnpu/Pabpc1/Pabpn1/Aqr/U2af2/Ppie/Ago2/Lonp1/Exosc10",14
"GO:0008080","GO:0008080","N-acetyltransferase activity","12/1306","77/28409",0.155844155844156,3.3900280424017,4.60991564184842,0.000195617913849201,0.00141867045629375,0.000994321496663552,"Ogt/Naa15/Meaf6/Nat10/Esco2/Kat8/Smarce1/Naa20/Kat5/Gtf3c4/Brpf1/Taf10",12
"GO:0016538","GO:0016538","cyclin-dependent protein serine/threonine kinase regulator activity","9/1306","47/28409",0.191489361702128,4.16540679678082,4.76752817974178,0.000250259689488795,0.00179874151820072,0.00126070670644731,"Ccna2/Ccnb1/Ccnq/Ccnk/Ccnh/Ccnd1/Mnat1/Ccnf/Ccnc",9
"GO:0008174","GO:0008174","mRNA methyltransferase activity","5/1306","14/28409",0.357142857142857,7.76881426383724,5.56082098133412,0.000287944552990999,0.00201561187093699,0.00141270737211144,"Trmt61a/Mettl16/Mettl14/Cmtr1/Mettl1",5
"GO:0051011","GO:0051011","microtubule minus-end binding","5/1306","14/28409",0.357142857142857,7.76881426383724,5.56082098133412,0.000287944552990999,0.00201561187093699,0.00141270737211144,"Haus4/Haus7/Numa1/Tubgcp4/Tubgcp3",5
"GO:0097157","GO:0097157","pre-mRNA intronic binding","5/1306","14/28409",0.357142857142857,7.76881426383724,5.56082098133412,0.000287944552990999,0.00201561187093699,0.00141270737211144,"Sox9/Rnpc3/Prpf8/Tardbp/Hnrnpl",5
"GO:0016407","GO:0016407","acetyltransferase activity","14/1306","104/28409",0.134615384615385,2.92824537636942,4.32444745274875,0.000292035926211579,0.00202662862586484,0.00142042882440478,"Ogt/Naa15/Meaf6/Nat10/Esco2/Kat8/Smarce1/Naa20/Elp3/Kat5/Gtf3c4/Brpf1/Pafah1b2/Taf10",14
"GO:1990841","GO:1990841","promoter-specific chromatin binding","12/1306","81/28409",0.148148148148148,3.22261925018433,4.39726723311254,0.000318064779152348,0.00218839442066359,0.00153380766194925,"Polr2a/Taf5/Gli2/Hnrnpu/Dnmt1/Ercc3/Ddx5/Kat8/Nipbl/Zfp750/Trim28/Taf10",12
"GO:0015078","GO:0015078","proton transmembrane transporter activity","17/1306","144/28409",0.118055555555556,2.56802471499064,4.14088233884607,0.000344562817292615,0.00235061921966572,0.00164750820757218,"Ndufs2/Atp6v0c/Atp6v1b2/Slc25a12/Ndufa2/Atp6v1g1/Letm1/Uqcrfs1/Ndufs7/Ndufb7/Atp6v1d/Ndufv2/Cyc1/Atp6v0d1/Cox5a/Slc45a4/Atp6v0b",17
"GO:0016530","GO:0016530","metallochaperone activity","5/1306","15/28409",0.333333333333333,7.25089331291475,5.31566572711452,0.000415600037934862,0.00281141202132406,0.00197046988353017,"Fxn/Nubp2/Dph3/Nubp1/Cox17",5
"GO:0140142","GO:0140142","nucleocytoplasmic carrier activity","7/1306","31/28409",0.225806451612903,4.91189547003903,4.78366140210983,0.00042487094010123,0.00285017588984575,0.00199763880609,"Xpo1/Cse1l/Xpo5/Kpnb1/Tnpo1/Snupn/Nup214",7
"GO:0042625","GO:0042625","ATPase-coupled ion transmembrane transporter activity","6/1306","23/28409",0.260869565217391,5.67461215793328,4.9231224586567,0.000479545399519647,0.0031384881838481,0.00219971188825444,"Atp6v0c/Atp6v1b2/Atp6v1g1/Atp6v1d/Atp6v0d1/Atp6v0b",6
"GO:0044769","GO:0044769","ATPase activity, coupled to transmembrane movement of ions, rotational mechanism","6/1306","23/28409",0.260869565217391,5.67461215793328,4.9231224586567,0.000479545399519647,0.0031384881838481,0.00219971188825444,"Atp6v0c/Atp6v1b2/Atp6v1g1/Atp6v1d/Atp6v0d1/Atp6v0b",6
"GO:0046961","GO:0046961","proton-transporting ATPase activity, rotational mechanism","6/1306","23/28409",0.260869565217391,5.67461215793328,4.9231224586567,0.000479545399519647,0.0031384881838481,0.00219971188825444,"Atp6v0c/Atp6v1b2/Atp6v1g1/Atp6v1d/Atp6v0d1/Atp6v0b",6
"GO:0140030","GO:0140030","modification-dependent protein binding","24/1306","248/28409",0.0967741935483871,2.10509805858815,3.83694748893112,0.00050719565549065,0.00329268147314495,0.00230778328814082,"Gm20738/Yeats4/Bptf/Wdr5/Ufd1/Prpf8/Topbp1/Nploc4/Hgs/Htatsf1/Gm20747/Brd4/Ncapg2/Sgf29/Smarca4/Psmd4/Sprtn/Hspd1/Taf7/Kmt2a/Chd8/Brd2/Zmynd8/Gm20815",24
"GO:0008173","GO:0008173","RNA methyltransferase activity","10/1306","63/28409",0.158730158730159,3.45280633948322,4.27829649578186,0.000564140212396416,0.00363306296783292,0.00254635076921667,"Trmt61a/Mettl16/Dimt1/Tfb1m/Mepce/Ftsj3/Mettl14/Cmtr1/Mettl1/Bud23",10
"GO:0004536","GO:0004536","DNA nuclease activity","10/1306","64/28409",0.15625,3.39885624042879,4.21734581709304,0.000641451145585339,0.00409816009679522,0.00287232927346484,"Rad1/Dna2/Pole/Rad9a/Rps3/Pold1/Rad51c/Dicer1/Ptbp1/Fen1",10
"GO:0004674","GO:0004674","protein serine/threonine kinase activity","36/1306","440/28409",0.0818181818181818,1.77976472226089,3.61855091275421,0.000651741700850199,0.00413111865499536,0.00289542935479243,"Cdk1/Plk1/Riok1/Gm10662/Aurka/Csnk1a1/Pkm/Csnk2b/Cdk12/Mastl/Pkmyt1/Cdk9/Dbf4/Chek1/Brd4/Mtor/Ccnk/Dcaf1/Cdk7/Trp53rka/Ccnh/Pik3ca/Stk11/Vrk1/Ttbk2/Ttk/Prpf4b/Gm10668/Nrbp1/Smg1/Cdc7/Pik3r4/Brd2/Bub1b/Dyrk1a/Atr",36
"GO:0016410","GO:0016410","N-acyltransferase activity","13/1306","100/28409",0.13,2.82784839203675,4.01939920605693,0.000666433564748779,0.00419124234080287,0.00293756900251106,"Ogt/Naa15/Meaf6/Nat10/Esco2/Kat8/Smarce1/Naa20/Kat5/Gtf3c4/Alas1/Brpf1/Taf10",13
"GO:0001054","GO:0001054","RNA polymerase I activity","4/1306","10/28409",0.4,8.7010719754977,5.3466640182947,0.000746972967833891,0.00462548645466371,0.00324192316404021,"Polr1b/Polr2h/Polr1d/Polr1a",4
"GO:0016884","GO:0016884","carbon-nitrogen ligase activity, with glutamine as amido-N-donor","4/1306","10/28409",0.4,8.7010719754977,5.3466640182947,0.000746972967833891,0.00462548645466371,0.00324192316404021,"Gmps/Gatb/Qrsl1/Gatc",4
"GO:0140104","GO:0140104","molecular carrier activity","13/1306","103/28409",0.12621359223301,2.74548387576384,3.89563660551217,0.000883918255685453,0.00543171141852511,0.00380699224626278,"Xpo1/Cse1l/Fxn/Nubp2/Dph3/Xpo5/Kpnb1/Tnpo1/Timm10/Snupn/Nup214/Nubp1/Cox17",13
"GO:0017134","GO:0017134","fibroblast growth factor binding","6/1306","26/28409",0.230769230769231,5.01984921663329,4.50143023940443,0.000971840763606065,0.00588219409551039,0.00412272773480689,"Rps19/Hspa9/Cep57/Fgfr2/Glg1/Smn1",6
"GO:0070577","GO:0070577","lysine-acetylated histone binding","6/1306","26/28409",0.230769230769231,5.01984921663329,4.50143023940443,0.000971840763606065,0.00588219409551039,0.00412272773480689,"Yeats4/Brd4/Smarca4/Kmt2a/Brd2/Zmynd8",6
"GO:0015399","GO:0015399","primary active transmembrane transporter activity","16/1306","144/28409",0.111111111111111,2.41696443763825,3.74195824752941,0.000987763387230474,0.00593395169194426,0.00415900373570726,"Ndufs2/Atp2a2/Atp6v0c/Atp6v1b2/Ndufa2/Atp6v1g1/Uqcrfs1/Ndufs7/Ndufb7/Atp6v1d/Ndufv2/Cyc1/Atp2b1/Atp6v0d1/Cox5a/Atp6v0b",16
"GO:0008137","GO:0008137","NADH dehydrogenase (ubiquinone) activity","5/1306","18/28409",0.277777777777778,6.04241109409563,4.69750653453666,0.0010566946001136,0.00630103076364035,0.00441628308507516,"Ndufs2/Ndufa2/Ndufs7/Ndufb7/Ndufv2",5
"GO:0005049","GO:0005049","nuclear export signal receptor activity","4/1306","11/28409",0.363636363636364,7.91006543227064,5.0317361574624,0.0011311818984661,0.00659856107438556,0.00462481691516268,"Xpo1/Cse1l/Xpo5/Nup214",4
"GO:0008641","GO:0008641","ubiquitin-like modifier activating enzyme activity","4/1306","11/28409",0.363636363636364,7.91006543227064,5.0317361574624,0.0011311818984661,0.00659856107438556,0.00462481691516268,"Uba1/Uba2/Mocs3/Uba3",4
"GO:0034511","GO:0034511","U3 snoRNA binding","4/1306","11/28409",0.363636363636364,7.91006543227064,5.0317361574624,0.0011311818984661,0.00659856107438556,0.00462481691516268,"Dhx37/Tsr1/Rrp9/Tbl3",4
"GO:0008170","GO:0008170","N-methyltransferase activity","12/1306","94/28409",0.127659574468085,2.77693786452054,3.78801003783092,0.00124386943991308,0.00720370431028796,0.00504895130475887,"Wdr5/Mettl16/Dimt1/Tfb1m/Prmt5/Kmt2b/Prmt1/Ndufaf7/Setd1a/Ash2l/Kmt2a/Dot1l",12
"GO:0140033","GO:0140033","acetylation-dependent protein binding","6/1306","28/28409",0.214285714285714,4.66128855830234,4.25483147063081,0.00147013426543666,0.00845327202626082,0.00592475162612069,"Yeats4/Brd4/Smarca4/Kmt2a/Brd2/Zmynd8",6
"GO:0032182","GO:0032182","ubiquitin-like protein binding","14/1306","123/28409",0.113821138211382,2.47591478977577,3.60090204528301,0.00158338622251375,0.00903990006470618,0.00633590903521741,"Rae1/Bub3/Top2a/Nploc4/Hgs/Dhx16/Ube2n/Uba2/Vps36/Usp5/Uspl1/Sprtn/Tsg101/Gga3",14
"GO:0008649","GO:0008649","rRNA methyltransferase activity","5/1306","20/28409",0.25,5.43816998468606,4.35840032178427,0.00177113429774229,0.00987907484582005,0.00692407207238908,"Mettl16/Dimt1/Tfb1m/Ftsj3/Bud23",5
"GO:0042800","GO:0042800","histone H3K4 methyltransferase activity","5/1306","20/28409",0.25,5.43816998468606,4.35840032178427,0.00177113429774229,0.00987907484582005,0.00692407207238908,"Wdr5/Kmt2b/Setd1a/Ash2l/Kmt2a",5
"GO:0004693","GO:0004693","cyclin-dependent protein serine/threonine kinase activity","6/1306","29/28409",0.206896551724138,4.50055447008502,4.14011951970496,0.00178235345607014,0.00987907484582005,0.00692407207238908,"Cdk1/Cdk12/Cdk9/Ccnk/Cdk7/Ccnh",6
"GO:0097472","GO:0097472","cyclin-dependent protein kinase activity","6/1306","29/28409",0.206896551724138,4.50055447008502,4.14011951970496,0.00178235345607014,0.00987907484582005,0.00692407207238908,"Cdk1/Cdk12/Cdk9/Ccnk/Cdk7/Ccnh",6
"GO:0000217","GO:0000217","DNA secondary structure binding","7/1306","39/28409",0.179487179487179,3.90432716849256,3.9841108072983,0.0018040049718454,0.00987907484582005,0.00692407207238908,"Smc6/Men1/Rad51c/Clspn/Rad51d/Smc5/Hmga1",7
"GO:0042162","GO:0042162","telomeric DNA binding","7/1306","39/28409",0.179487179487179,3.90432716849256,3.9841108072983,0.0018040049718454,0.00987907484582005,0.00692407207238908,"Upf1/Rpa2/Telo2/Ten1/Tinf2/Smg1/Ctc1",7
"GO:0008408","GO:0008408","3'-5' exonuclease activity","8/1306","50/28409",0.16,3.48042879019908,3.85344837401396,0.00187542453113295,0.0102007888348785,0.00714955582281123,"Rad1/Pole/Rad9a/Pnpt1/Pold1/Xrn2/Polrmt/Exosc10",8
"GO:0019887","GO:0019887","protein kinase regulator activity","22/1306","243/28409",0.0905349794238683,1.9693784306682,3.33132602052217,0.00200572366333471,0.0108362922750633,0.00759496915257791,"Ccna2/Ccnb1/Smo/Topbp1/Pak1ip1/Csnk2b/Rack1/Ccnq/Prkra/Dbf4/Ccnk/Elp3/Rptor/Ccnh/Pik3ca/Cdc37/Stk11/Prkar1a/Ccnd1/Mnat1/Ccnf/Ccnc",22
"GO:0003714","GO:0003714","transcription corepressor activity","19/1306","198/28409",0.095959595959596,2.08737837796031,3.37044529997474,0.00204342235046539,0.0109663666141642,0.00768613599894349,"Sap18/Ruvbl2/Snw1/Sin3a/Prmt5/Mybbp1a/Hnrnpu/Id2/Ddx54/Hdac3/Smarca4/Dmap1/Nipbl/Sin3b/Ccnd1/Tsg101/Zmynd8/C1qbp/Trim28",19
"GO:0019783","GO:0019783","ubiquitin-like protein peptidase activity","13/1306","113/28409",0.115044247787611,2.50252070091748,3.51301818655561,0.00208089572769672,0.011093516958913,0.00777525346842411,"Psmd14/Alg13/Eif3f/Usp9x/Usp5/Usp8/Uspl1/Bap1/Ufsp2/Usp7/Otud6b/Usp39/Usp36",13
"GO:0030331","GO:0030331","nuclear estrogen receptor binding","8/1306","51/28409",0.156862745098039,3.41218508843047,3.78478446949126,0.00213617986956197,0.0111985796449217,0.00784889008130504,"Pcna/Hsd17b10/Dcaf13/Dnmt1/Ddx54/Dcaf1/Mms19/Taf10",8
"GO:0031072","GO:0031072","heat shock protein binding","16/1306","155/28409",0.103225806451613,2.2454379291607,3.41296002889091,0.00213902244965975,0.0111985796449217,0.00784889008130504,"Cltc/Cdk1/Hspa5/Hspa9/Rps3/Hnrnpk/Telo2/Dlst/Kpnb1/Cdc37/Dnaja3/Tpr/Ogdh/Dnajc8/Ptges3/Ago2",16
"GO:0034061","GO:0034061","DNA polymerase activity","6/1306","30/28409",0.2,4.35053598774885,4.03050631487704,0.00214233697555024,0.0111985796449217,0.00784889008130504,"Pole/Pold1/Pola1/Dkc1/Polg2/Ptges3",6
"GO:0140102","GO:0140102","catalytic activity, acting on a rRNA","5/1306","21/28409",0.238095238095238,5.17920950922482,4.20551927785265,0.0022374405935212,0.0116202559857069,0.00814443570884458,"Mettl16/Dimt1/Tfb1m/Ftsj3/Bud23",5
"GO:0030527","GO:0030527","structural constituent of chromatin","9/1306","63/28409",0.142857142857143,3.10752570553489,3.67604229311469,0.0022537745317281,0.0116300544746226,0.0081513032996374,"H2ac10/H2bc1/Cenpa/H2ac11/H2bc3/H2ac13/Hmga1/H2ac20/H2aj",9
"GO:0002161","GO:0002161","aminoacyl-tRNA editing activity","4/1306","13/28409",0.307692307692308,6.69313228884439,4.5068966942236,0.00227652119057109,0.0116726086522912,0.00818112878408382,"Aars2/Iars2/Lars2/Vars2",4
"GO:0043130","GO:0043130","ubiquitin binding","12/1306","101/28409",0.118811881188119,2.58447682440526,3.50167003912752,0.00231658542758079,0.0118028561341933,0.00827241698323321,"Rae1/Bub3/Top2a/Nploc4/Hgs/Dhx16/Ube2n/Vps36/Usp5/Sprtn/Tsg101/Gga3",12
"GO:0034212","GO:0034212","peptide N-acetyltransferase activity","8/1306","52/28409",0.153846153846154,3.34656614442219,3.71781321076898,0.00242458494713535,0.0122497587971746,0.00858564330210602,"Meaf6/Esco2/Kat8/Naa20/Kat5/Gtf3c4/Brpf1/Taf10",8
"GO:0019205","GO:0019205","nucleobase-containing compound kinase activity","7/1306","41/28409",0.170731707317073,3.71387218466365,3.81724640378938,0.00243473466776141,0.0122497587971746,0.00858564330210602,"Guk1/Dtymk/Clp1/Cmpk1/Pnkp/Ak2/Tk1",7
"GO:0004527","GO:0004527","exonuclease activity","10/1306","76/28409",0.131578947368421,2.86219472878214,3.56836149076655,0.00246153808943637,0.0123076904471818,0.00862624658998296,"Rad1/Exosc3/Pole/Rad9a/Pnpt1/Pold1/Xrn2/Polrmt/Exosc10/Fen1",10
"GO:0016796","GO:0016796","exonuclease activity, active with either ribo- or deoxyribonucleic acids and producing 5'-phosphomonoesters","8/1306","53/28409",0.150943396226415,3.28342338698027,3.65245716494856,0.00274259817976146,0.0136283428068394,0.00955186890417246,"Rad1/Pole/Rad9a/Pnpt1/Pold1/Xrn2/Polrmt/Exosc10",8
"GO:0031267","GO:0031267","small GTPase binding","25/1306","298/28409",0.0838926174496644,1.82488925660606,3.142308841579,0.00292657272010945,0.0144533192618902,0.0101300805810698,"Rabggta/Rangap1/Xpo1/Cse1l/Ipo13/Rab34/Lsm2/Nsf/Dnm1l/Ipo7/Rgp1/Tnpo3/Ranbp2/Ift20/Xpo5/Kpnb1/Tnpo1/Birc5/Rptor/Ect2/Kif3b/Exoc8/Sod1/Gga3/Rac1",25
"GO:0035925","GO:0035925","mRNA 3'-UTR AU-rich region binding","6/1306","32/28409",0.1875,4.07862748851455,3.82500605896308,0.00302347450935415,0.0148408352440859,0.0104016838062505,"Exosc8/Cpsf1/Exosc7/Dhx36/Ago2/Exosc9",6
"GO:0043560","GO:0043560","insulin receptor substrate binding","4/1306","14/28409",0.285714285714286,6.21505141106979,4.28434969184291,0.00307195184560312,0.0148971158777742,0.0104411299254488,"Ptpn11/Grb2/Pik3ca/Lonp1",4
"GO:0061575","GO:0061575","cyclin-dependent protein serine/threonine kinase activator activity","4/1306","14/28409",0.285714285714286,6.21505141106979,4.28434969184291,0.00307195184560312,0.0148971158777742,0.0104411299254488,"Ccnb1/Ccnk/Ccnd1/Mnat1",4
"GO:0016881","GO:0016881","acid-amino acid ligase activity","5/1306","23/28409",0.217391304347826,4.7288434649444,3.92707509989432,0.00342804550314075,0.0165244109582533,0.0115816727997696,"Paics/Ppcs/Gclc/Gss/Gclm",5
"GO:0140318","GO:0140318","protein transporter activity","6/1306","33/28409",0.181818181818182,3.95503271613532,3.72843787646483,0.00355380039177124,0.0170286268772372,0.0119350689848959,"Timm29/Timm23/Gga3/Sec61a1/Sec63/Tomm22",6
"GO:0051020","GO:0051020","GTPase binding","27/1306","338/28409",0.0798816568047337,1.73764011344999,2.99472652715752,0.00401277402199312,0.0191141011106773,0.013396741674172,"Rabggta/Rangap1/Xpo1/Cse1l/Ipo13/Rab34/Lsm2/Nsf/Dnm1l/Ipo7/Rgp1/Tnpo3/Ranbp2/Hdac3/Ift20/Xpo5/Kpnb1/Tnpo1/Birc5/Rptor/Ect2/Kif3b/Exoc8/Sod1/Preb/Gga3/Rac1",27
"GO:0008296","GO:0008296","3'-5'-DNA exonuclease activity","4/1306","15/28409",0.266666666666667,5.8007146503318,4.08245558754001,0.00403789795748248,0.0191206344457259,0.0134013207752979,"Rad1/Pole/Rad9a/Pold1",4
"GO:0048487","GO:0048487","beta-tubulin binding","7/1306","45/28409",0.155555555555556,3.38375021269355,3.51290575750084,0.00419161152402914,0.0197324402154588,0.0138301248192035,"Smc3/Tbcd/Cct5/Tbca/Bbs4/Ift74/Lrpprc",7
"GO:0061733","GO:0061733","peptide-lysine-N-acetyltransferase activity","7/1306","46/28409",0.152173913043478,3.31019042546108,3.44218215284196,0.00475157116114982,0.0222384580507302,0.0155865492189492,"Meaf6/Esco2/Kat8/Kat5/Gtf3c4/Brpf1/Taf10",7
"GO:0030332","GO:0030332","cyclin binding","6/1306","35/28409",0.171428571428571,3.72903084664187,3.54621792045714,0.00481737666676094,0.0224161168597836,0.015711067194304,"Cdk1/Ndc80/Cdk12/Rack1/Hdac3/Cul3",6
"GO:0019829","GO:0019829","ATPase-coupled monoatomic cation transmembrane transporter activity","8/1306","58/28409",0.137931034482759,3.00036964672335,3.34752090148168,0.00484891256487738,0.0224331874409557,0.0157230316683259,"Atp2a2/Atp6v0c/Atp6v1b2/Atp6v1g1/Atp6v1d/Atp2b1/Atp6v0d1/Atp6v0b",8
"GO:0019207","GO:0019207","kinase regulator activity","23/1306","278/28409",0.0827338129496403,1.79968215320546,2.94123992121356,0.00496758689352671,0.0228508997102229,0.0160157989469493,"Ccna2/Ccnb1/Smo/Topbp1/Pak1ip1/Bccip/Csnk2b/Rack1/Ccnq/Prkra/Dbf4/Ccnk/Elp3/Rptor/Ccnh/Pik3ca/Cdc37/Stk11/Prkar1a/Ccnd1/Mnat1/Ccnf/Ccnc",23
"GO:0043138","GO:0043138","3'-5' DNA helicase activity","4/1306","16/28409",0.25,5.43816998468606,3.89799715353311,0.00518996406577278,0.0237381879144721,0.0166376838472142,"Mcm5/Ruvbl1/Ercc3/Mcm2",4
"GO:0005048","GO:0005048","signal sequence binding","7/1306","47/28409",0.148936170212766,3.23976084194063,3.37338093185801,0.00536603224643306,0.024404835923043,0.0171049258643361,"Srp54a/Kpnb1/Tnpo1/Nup214/Srp68/Sec61a1/Tomm22",7
"GO:0003755","GO:0003755","peptidyl-prolyl cis-trans isomerase activity","6/1306","36/28409",0.166666666666667,3.62544665645738,3.46007135982742,0.00556009513963444,0.0250048971363449,0.0175254983525084,"Ppil4/Ppil2/Ranbp2/Ptpa/Ppwd1/Ppie",6
"GO:0005484","GO:0005484","SNAP receptor activity","6/1306","36/28409",0.166666666666667,3.62544665645738,3.46007135982742,0.00556009513963444,0.0250048971363449,0.0175254983525084,"Snap23/Gosr2/Use1/Ykt6/Stx5a/Bnip1",6
"GO:0101005","GO:0101005","deubiquitinase activity","11/1306","99/28409",0.111111111111111,2.41696443763825,3.10020097729528,0.00578840837943573,0.0258870485858098,0.018143782990512,"Psmd14/Alg13/Eif3f/Usp9x/Usp5/Usp8/Bap1/Usp7/Otud6b/Usp39/Usp36",11
"GO:0070840","GO:0070840","dynein complex binding","5/1306","26/28409",0.192307692307692,4.18320768052774,3.56455840486296,0.00597903656080216,0.0265918476875455,0.0186377644465831,"Dctn6/Smc3/Numa1/Tpr/Fbxw11",5
"GO:0070566","GO:0070566","adenylyltransferase activity","6/1306","37/28409",0.162162162162162,3.52746161168826,3.37694268809096,0.00638308817115096,0.0282328899877831,0.0197879425085998,"Papss1/Mtpap/Mocs3/Papola/Tut1/Flad1",6
"GO:0050145","GO:0050145","nucleoside monophosphate kinase activity","4/1306","17/28409",0.235294117647059,5.11827763264571,3.72842425179635,0.00654287057045049,0.0287814798317631,0.0201724396074861,"Guk1/Dtymk/Cmpk1/Ak2",4
"GO:0016853","GO:0016853","isomerase activity","17/1306","193/28409",0.0880829015544041,1.91603916558887,2.80303299035092,0.00799647660499707,0.0349845851468622,0.0245200884455288,"Hmgcs1/Ppil4/Ppil2/Pgm3/Top2a/Rpe/Twnk/Ranbp2/Ercc3/Ptpa/Ppwd1/Dkc1/Tpi1/Hspd1/Top3a/Ppie/Ptges3",17
"GO:1990226","GO:1990226","histone methyltransferase binding","4/1306","18/28409",0.222222222222222,4.8339288752765,3.57168537203337,0.00811034941911816,0.0352909799048114,0.0247348352127871,"Paxbp1/Nop56/Zfp335/Resf1",4
"GO:0005506","GO:0005506","iron ion binding","16/1306","178/28409",0.0898876404494382,1.95529707314555,2.80652265856517,0.00821291342894673,0.03530381164733,0.0247438287583771,"Urod/Jmjd6/Rrm2/Dohh/Fech/Fxn/Isca2/Fbxl5/Rplp2/Nfu1/Iscu/Dph3/Abce1/Aco2/Ciapin1/Ftl1",16
"GO:0008327","GO:0008327","methyl-CpG binding","5/1306","28/28409",0.178571428571429,3.88440713191862,3.35200737215038,0.00828112031414436,0.03530381164733,0.0247438287583771,"Erh/Prmt5/Dnmt1/Prmt1/Wdr77",5
"GO:0016655","GO:0016655","oxidoreductase activity, acting on NAD(P)H, quinone or similar compound as acceptor","6/1306","39/28409",0.153846153846154,3.34656614442219,3.21898291537354,0.00828872099546008,0.03530381164733,0.0247438287583771,"Ndufs2/Ndufa2/Ndufs7/Ndufb7/Ndufv2/Rtn4ip1",6
"GO:0070717","GO:0070717","poly-purine tract binding","6/1306","39/28409",0.153846153846154,3.34656614442219,3.21898291537354,0.00828872099546008,0.03530381164733,0.0247438287583771,"Eif4a3/Pnpt1/Hnrnpu/Pabpc1/Pabpn1/Ppie",6
"GO:0004843","GO:0004843","cysteine-type deubiquitinase activity","10/1306","91/28409",0.10989010989011,2.390404388873,2.91617627920035,0.00895601081165603,0.0379452037020163,0.0265951345986018,"Alg13/Eif3f/Usp9x/Usp5/Usp8/Bap1/Usp7/Otud6b/Usp39/Usp36",10
"GO:0001094","GO:0001094","TFIID-class transcription factor complex binding","3/1306","10/28409",0.3,6.52580398162328,3.83642918994863,0.0091208405204233,0.0382410240569831,0.0268024699503667,"Ruvbl2/Nop58/Ruvbl1",3
"GO:0140999","GO:0140999","histone H3K4 trimethyltransferase activity","3/1306","10/28409",0.3,6.52580398162328,3.83642918994863,0.0091208405204233,0.0382410240569831,0.0268024699503667,"Kmt2b/Setd1a/Kmt2a",3
"GO:0016859","GO:0016859","cis-trans isomerase activity","6/1306","40/28409",0.15,3.26290199081164,3.14381485768797,0.00938064450263988,0.039126522407384,0.0274231003731387,"Ppil4/Ppil2/Ranbp2/Ptpa/Ppwd1/Ppie",6
"GO:0035173","GO:0035173","histone kinase activity","21/1306","261/28409",0.0804597701149425,1.75021562725529,2.6727960725842,0.00953270752302172,0.0395558224537757,0.0277239893236009,"Cdk1/Riok1/Aurka/Csnk1a1/Pkm/Mastl/Pkmyt1/Chek1/Mtor/Dcaf1/Pik3ca/Stk11/Vrk1/Ttbk2/Prpf4b/Smg1/Cdc7/Pik3r4/Bub1b/Dyrk1a/Atr",21
"GO:0046966","GO:0046966","nuclear thyroid hormone receptor binding","5/1306","29/28409",0.172413793103448,3.75046205840418,3.25298227852757,0.00963503007624315,0.0395724449559986,0.0277356397468653,"Med12/Med30/Med13/Taf7/Med4",5
"GO:0106222","GO:0106222","lncRNA binding","5/1306","29/28409",0.172413793103448,3.75046205840418,3.25298227852757,0.00963503007624315,0.0395724449559986,0.0277356397468653,"Atp2a2/Hnrnpu/Dnmt1/Rad21/Smarca4",5
"GO:0031490","GO:0031490","chromatin DNA binding","12/1306","121/28409",0.0991735537190083,2.15729057243745,2.8003815928442,0.00989787705324108,0.0400682208364608,0.0280831204554992,"Ogt/Ruvbl2/Sbno1/Gli2/Hnrnpu/Hdac3/Ctcf/Bap1/Zfx/Vrk1/Hcfc1/Nkap",12
"GO:0043024","GO:0043024","ribosomal small subunit binding","4/1306","19/28409",0.210526315789474,4.57951156605142,3.4261084801636,0.00990506328752262,0.0400682208364608,0.0280831204554992,"Eral1/Dhx29/Abce1/Ptcd3",4
"GO:1990381","GO:1990381","ubiquitin-specific protease binding","4/1306","19/28409",0.210526315789474,4.57951156605142,3.4261084801636,0.00990506328752262,0.0400682208364608,0.0280831204554992,"Cltc/Sart3/Hdac3/Chmp3",4
"GO:0140938","GO:0140938","histone H3 methyltransferase activity","6/1306","41/28409",0.146341463414634,3.18331901542599,3.07098716994026,0.0105713719029048,0.0425497719091917,0.0298223965260893,"Wdr5/Kmt2b/Setd1a/Ash2l/Kmt2a/Dot1l",6
"GO:0008276","GO:0008276","protein methyltransferase activity","10/1306","94/28409",0.106382978723404,2.31411488710045,2.80138123149438,0.011147050371371,0.0446436594475304,0.0312899659547255,"Wdr5/Prmt5/Kmt2b/Prmt1/Ndufaf7/Setd1a/Trmt112/Ash2l/Kmt2a/Dot1l",10
"GO:0061980","GO:0061980","regulatory RNA binding","7/1306","54/28409",0.12962962962963,2.81979184391129,2.93823822176473,0.0114594362060217,0.0456141420357859,0.0319701603546012,"Pnpt1/Spout1/Prkra/Hnrnpu/Zc3h10/Dicer1/Ago2",7
"GO:0042054","GO:0042054","histone methyltransferase activity","8/1306","67/28409",0.119402985074627,2.59733491805902,2.87343498807016,0.0115026966872851,0.0456141420357859,0.0319701603546012,"Wdr5/Prmt5/Kmt2b/Prmt1/Setd1a/Ash2l/Kmt2a/Dot1l",8
"GO:0004402","GO:0004402","histone acetyltransferase activity","6/1306","42/28409",0.142857142857143,3.10752570553489,3.00036476642057,0.01186533280181,0.0457941540631178,0.0320963276597988,"Meaf6/Kat8/Kat5/Gtf3c4/Brpf1/Taf10",6
"GO:0004520","GO:0004520","DNA endonuclease activity","6/1306","42/28409",0.142857142857143,3.10752570553489,3.00036476642057,0.01186533280181,0.0457941540631178,0.0320963276597988,"Dna2/Rps3/Rad51c/Dicer1/Ptbp1/Fen1",6
"GO:0016747","GO:0016747","acyltransferase activity, transferring groups other than amino-acyl groups","19/1306","234/28409",0.0811965811965812,1.76624324288949,2.58360347279677,0.0120767398022123,0.0457941540631178,0.0320963276597988,"Ogt/Glul/Naa15/Meaf6/Nat10/Dlst/Esco2/Kat8/Smarce1/Naa20/Elp3/Kat5/Gtf3c4/Ykt6/Osgep/Alas1/Brpf1/Pafah1b2/Taf10",19
"GO:0003954","GO:0003954","NADH dehydrogenase activity","3/1306","11/28409",0.272727272727273,5.93254907420298,3.59175839482163,0.0121169625036572,0.0457941540631178,0.0320963276597988,"Ndufs2/Ndufs7/Ndufv2",3
"GO:0019103","GO:0019103","pyrimidine nucleotide binding","3/1306","11/28409",0.272727272727273,5.93254907420298,3.59175839482163,0.0121169625036572,0.0457941540631178,0.0320963276597988,"Dut/Mtpap/Pola1",3
"GO:0035197","GO:0035197","siRNA binding","3/1306","11/28409",0.272727272727273,5.93254907420298,3.59175839482163,0.0121169625036572,0.0457941540631178,0.0320963276597988,"Prkra/Dicer1/Ago2",3
"GO:0043995","GO:0043995","histone H4K5 acetyltransferase activity","3/1306","11/28409",0.272727272727273,5.93254907420298,3.59175839482163,0.0121169625036572,0.0457941540631178,0.0320963276597988,"Meaf6/Kat8/Brpf1",3
"GO:0043996","GO:0043996","histone H4K8 acetyltransferase activity","3/1306","11/28409",0.272727272727273,5.93254907420298,3.59175839482163,0.0121169625036572,0.0457941540631178,0.0320963276597988,"Meaf6/Kat8/Brpf1",3
"GO:0070878","GO:0070878","primary miRNA binding","3/1306","11/28409",0.272727272727273,5.93254907420298,3.59175839482163,0.0121169625036572,0.0457941540631178,0.0320963276597988,"Drosha/Ddx5/Dgcr8",3
"GO:0097177","GO:0097177","mitochondrial ribosome binding","3/1306","11/28409",0.272727272727273,5.93254907420298,3.59175839482163,0.0121169625036572,0.0457941540631178,0.0320963276597988,"Mrps27/Mettl17/C1qbp",3
"GO:0008143","GO:0008143","poly(A) binding","5/1306","31/28409",0.161290322580645,3.50849676431359,3.06751528528051,0.012783384056444,0.0480870288104552,0.0337033637690801,"Eif4a3/Hnrnpu/Pabpc1/Pabpn1/Ppie",5
